{
  "created_at": "2026-07-06T01:41:02Z",
  "flat_run": "checkpoints/flat",
  "specialist_run": "checkpoints/damage",
  "crossleg_run": "results/ppo_damageant_v0_1783295334_seed0_replicate_damage_crossleg_crossleg_gait",
  "routing": {
    "0": "crossleg",
    "1": "specialist",
    "2": "crossleg",
    "3": "crossleg"
  },
  "flat": {
    "label": "flat",
    "legs": [
      0,
      1,
      2,
      3
    ],
    "seeds": [
      0,
      1,
      2,
      3,
      4,
      5,
      6,
      7,
      8,
      9
    ],
    "max_steps": 1000,
    "by_leg": {
      "0": {
        "leg_id": 0,
        "leg_label": "back right",
        "summary": {
          "n_episodes": 10,
          "mean_reward": 146.49800105662797,
          "std_reward": 75.79678161556524,
          "mean_steps": 66.5,
          "std_steps": 24.01353784847206,
          "mean_forward_distance": 0.6849454555519602,
          "std_forward_distance": 0.7718007604509992,
          "mean_forward_velocity": 0.1998081211860755,
          "std_forward_velocity": 0.25891539670990377,
          "fall_rate": 1.0
        }
      },
      "1": {
        "leg_id": 1,
        "leg_label": "front right",
        "summary": {
          "n_episodes": 10,
          "mean_reward": 72.01112277978099,
          "std_reward": 119.97106739315751,
          "mean_steps": 31.4,
          "std_steps": 51.93110821078248,
          "mean_forward_distance": 0.04184145970836071,
          "std_forward_distance": 0.6393881318050507,
          "mean_forward_velocity": -0.19893815345450042,
          "std_forward_velocity": 0.23651123972384813,
          "fall_rate": 1.0
        }
      },
      "2": {
        "leg_id": 2,
        "leg_label": "front left",
        "summary": {
          "n_episodes": 10,
          "mean_reward": 85.4386436250307,
          "std_reward": 40.89501706451451,
          "mean_steps": 30.0,
          "std_steps": 13.92838827718412,
          "mean_forward_distance": 1.2710853220782172,
          "std_forward_distance": 0.8354053154981756,
          "mean_forward_velocity": 0.886092778628947,
          "std_forward_velocity": 0.48674022916082244,
          "fall_rate": 1.0
        }
      },
      "3": {
        "leg_id": 3,
        "leg_label": "back left",
        "summary": {
          "n_episodes": 10,
          "mean_reward": 53.91705884267152,
          "std_reward": 42.888585495223936,
          "mean_steps": 28.2,
          "std_steps": 20.375475454575287,
          "mean_forward_distance": 0.7513903714690783,
          "std_forward_distance": 0.6229906066841309,
          "mean_forward_velocity": 0.5757446814759042,
          "std_forward_velocity": 0.30715299267273044,
          "fall_rate": 1.0
        }
      }
    },
    "macro_summary": {
      "n_episodes": 40,
      "mean_reward": 89.46620657602777,
      "std_reward": 84.39092220304703,
      "mean_steps": 39.025,
      "std_steps": 34.97962799973722,
      "mean_forward_distance": 0.6873156522019042,
      "std_forward_distance": 0.8444003911399466,
      "mean_forward_velocity": 0.36567685695910657,
      "std_forward_velocity": 0.5280855827128055,
      "fall_rate": 1.0
    }
  },
  "specialist": {
    "label": "specialist",
    "legs": [
      0,
      1,
      2,
      3
    ],
    "seeds": [
      0,
      1,
      2,
      3,
      4,
      5,
      6,
      7,
      8,
      9
    ],
    "max_steps": 1000,
    "by_leg": {
      "0": {
        "leg_id": 0,
        "leg_label": "back right",
        "summary": {
          "n_episodes": 10,
          "mean_reward": 50.33433312335486,
          "std_reward": 13.79664025547022,
          "mean_steps": 18.6,
          "std_steps": 5.332916650389353,
          "mean_forward_distance": 0.28942837617460154,
          "std_forward_distance": 0.27712942056712947,
          "mean_forward_velocity": 0.3099296461763665,
          "std_forward_velocity": 0.2546236285943639,
          "fall_rate": 1.0
        }
      },
      "1": {
        "leg_id": 1,
        "leg_label": "front right",
        "summary": {
          "n_episodes": 10,
          "mean_reward": 1449.2622453633714,
          "std_reward": 923.9988882840296,
          "mean_steps": 636.2,
          "std_steps": 397.2313683484727,
          "mean_forward_distance": 7.567484282964353,
          "std_forward_distance": 4.429894653319776,
          "mean_forward_velocity": 0.31403946010453204,
          "std_forward_velocity": 0.1751308772903307,
          "fall_rate": 0.5
        }
      },
      "2": {
        "leg_id": 2,
        "leg_label": "front left",
        "summary": {
          "n_episodes": 10,
          "mean_reward": 53.588950688925664,
          "std_reward": 15.014149454127518,
          "mean_steps": 18.5,
          "std_steps": 4.6097722286464435,
          "mean_forward_distance": 0.7196805435426801,
          "std_forward_distance": 0.3226933799179871,
          "mean_forward_velocity": 0.7866202711623398,
          "std_forward_velocity": 0.26349544176857487,
          "fall_rate": 1.0
        }
      },
      "3": {
        "leg_id": 3,
        "leg_label": "back left",
        "summary": {
          "n_episodes": 10,
          "mean_reward": 69.69018164170328,
          "std_reward": 37.63704638962928,
          "mean_steps": 36.7,
          "std_steps": 15.530936868070773,
          "mean_forward_distance": 0.7291926928072404,
          "std_forward_distance": 0.6081684562225077,
          "mean_forward_velocity": 0.35935061487024883,
          "std_forward_velocity": 0.2439562341743556,
          "fall_rate": 1.0
        }
      }
    },
    "macro_summary": {
      "n_episodes": 40,
      "mean_reward": 405.71892770433885,
      "std_reward": 759.5719139039504,
      "mean_steps": 177.5,
      "std_steps": 331.2265840780296,
      "mean_forward_distance": 2.3264464738722186,
      "std_forward_distance": 3.7724529051572326,
      "mean_forward_velocity": 0.4424849980783718,
      "std_forward_velocity": 0.30978141400010456,
      "fall_rate": 0.875
    }
  },
  "crossleg": {
    "label": "crossleg",
    "legs": [
      0,
      1,
      2,
      3
    ],
    "seeds": [
      0,
      1,
      2,
      3,
      4,
      5,
      6,
      7,
      8,
      9
    ],
    "max_steps": 1000,
    "by_leg": {
      "0": {
        "leg_id": 0,
        "leg_label": "back right",
        "summary": {
          "n_episodes": 10,
          "mean_reward": 1491.4895236640211,
          "std_reward": 867.8628426444495,
          "mean_steps": 601.1,
          "std_steps": 358.11630792244017,
          "mean_forward_distance": 5.224875854083278,
          "std_forward_distance": 3.2770506539925184,
          "mean_forward_velocity": 0.19694299837502152,
          "std_forward_velocity": 0.09060682636346942,
          "fall_rate": 0.6
        }
      },
      "1": {
        "leg_id": 1,
        "leg_label": "front right",
        "summary": {
          "n_episodes": 10,
          "mean_reward": 94.40804294331495,
          "std_reward": 74.32469871322625,
          "mean_steps": 43.0,
          "std_steps": 34.00882238478716,
          "mean_forward_distance": 0.05522261928324575,
          "std_forward_distance": 0.3122500744557269,
          "mean_forward_velocity": 0.027124877320394425,
          "std_forward_velocity": 0.23183484407863536,
          "fall_rate": 1.0
        }
      },
      "2": {
        "leg_id": 2,
        "leg_label": "front left",
        "summary": {
          "n_episodes": 10,
          "mean_reward": 304.68092639931683,
          "std_reward": 255.23985373554942,
          "mean_steps": 111.1,
          "std_steps": 84.75547179976051,
          "mean_forward_distance": 2.97132767417778,
          "std_forward_distance": 3.4445696152718224,
          "mean_forward_velocity": 0.37250611147157314,
          "std_forward_velocity": 0.5885445734160101,
          "fall_rate": 1.0
        }
      },
      "3": {
        "leg_id": 3,
        "leg_label": "back left",